dataset,accuracy
train,0.8370786516853933
test,0.8268156424581006
